{
    "Accuracy_Score": 0.975,
    "Confusion_matrix": [
        [
            40,
            0,
            0
        ],
        [
            0,
            39,
            2
        ],
        [
            0,
            1,
            38
        ]
    ],
    "Classification_report": {
        "0": {
            "precision": 1.0,
            "recall": 1.0,
            "f1-score": 1.0,
            "support": 40.0
        },
        "1": {
            "precision": 0.975,
            "recall": 0.9512195121951219,
            "f1-score": 0.9629629629629629,
            "support": 41.0
        },
        "2": {
            "precision": 0.95,
            "recall": 0.9743589743589743,
            "f1-score": 0.9620253164556962,
            "support": 39.0
        },
        "accuracy": 0.975,
        "macro avg": {
            "precision": 0.975,
            "recall": 0.9751928288513655,
            "f1-score": 0.9749960931395529,
            "support": 120.0
        },
        "weighted avg": {
            "precision": 0.9752083333333332,
            "recall": 0.975,
            "f1-score": 0.975003906860447,
            "support": 120.0
        }
    }
}